LASTUPDATEDDATE,ORGABBREVNAME,ORGID,ORGIMAGEURL,ORGJURISDICTIONTYPE,ORGNAME,ORGPARENTID,ORGTYPE,ORGURLADDRESS,ORGURLTEXT
"2007-02-26","BLM","126","blm.gif","Federal","Bureau of Land Management","139","Department of the Interior","http://www.blm.gov","testing2"
"2007-02-26","FWS","127","fws.gif","Federal","Fish and Wildlife Service","139","Department of the Interior","http://www.fws.gov",""
"2007-02-26","NPS","128","nps.gif","Federal","National Park Service","139","Department of the Interior","http://www.nps.gov",""
"2007-02-26","BOR","129","bor.gif","Federal","Bureau of Reclamation","139","Department of the Interior","http://www.usbr.gov",""
"2007-02-26","USACE","130","uasce.gif","Federal","US Army Corps of Engineers","162","Department of Defense","http://www.usace.army.mil",""
"2007-02-26","FS","131","fs.jpg","Federal","USDA Forest Service","163","Department of Agriculture","http://www.fs.fed.us","fs.fed.us"
"2007-02-26","TVA","132","tva.gif","Federal","Tennessee Valley Authority","157","Tennessee Valley Authority","http://www.tva.gov","tva.gov"
"2007-02-26","DOT","133","dot.gif","Federal ","Department of Transportation","157","Department of Transportation","http://www.dot.gov",""
"2007-02-26","SI","135","si.gif","Federal","Smithsonian Institution","157","Smithsonian Institution","http://www.si.edu","Click here"
"2007-02-26","NOAA","137","NOS.gif","Federal","National Oceanic and Atmospheric Administration","161","Department of Commerce","http://www.noaa.gov",""
"2007-02-26","SIAP","138","SIAP.gif","Federal","Smithsonian Institution Affiliations Program","135","Smithsonian Institution","http://affiliations.si.edu/",""
"2007-02-26","DOI","139","doi.gif","Federal","Department of the Interior","157","Department of the Interior","http://www.doi.gov/museum/interiormuseum/mission.htm",""
"2007-02-26","NRHP","143","NRHP.gif","Federal","National Register of Historic Places","238","","http://www.cr.nps.gov/nr/",""
"2016-06-28","FED","157","","Federal","FEDERAL","0","Label","","Placeholder and Label for Dropdown Hierarchy"
"2007-05-04","USAF","159","","","US Air Force","162","Federal","http://www.af.mil/","US Air Force"
"2007-02-26","DOC","161","","Federal","Department of Commerce","157","","",""
"2007-02-26","DOD","162","","Federal","Department of Defense","157","","",""
"2007-02-26","USDA","163","","Federal","Department of Agriculture","157","","http://www.usda.gov","US Department of Agriculture"
"2007-02-26","NARA","192","","","National Archives and Records Administration","157","","http://www.archives.gov","Archives.gov"
"2007-03-18","ABMC","206","","","American Battle Monuments Commission","0","Presidential Commission","http://www.abmc.gov/home.php","American Battle Monuments Commission"
"2007-05-08","","216","","","ReserveAmerica","0","","",""
"2009-03-23","Treasury","234","","Federal","Department of the Treasury","157","Federal","http://www.treasury.gov/","Department of the Treasury"
"2009-03-23","BEP","236","","Federal","Bureau of Engraving and Printing","234","Federal","http://www.moneyfactory.gov/","Bureau of Engraving and Printing"
"2013-06-05","","238","","Federal","Historic Hotels of America","128","","http://www.historichotels.org/","Historic Hotels of America"
"","NHL","239","","","National Historic Landmark","238","","http://www.nps.gov/nhl/",""
"2016-06-28","STATEPARKS","240","","State","STATE PARKS","0","Label","","Placeholder and Label for Dropdown Hierarchy"
"2015-08-11","MD","241","","State","Maryland","240","","",""
"2016-04-13","TX","243","","State","Texas","240","","",""
"2016-07-20","UT","244","","State","Utah","240","","",""
